,Transported
0,False
1,True
2,False
3,False
4,True
5,True
6,True
7,True
8,True
9,True
10,True
11,True
12,True
13,False
14,True
16,False
17,False
18,True
19,True
20,False
21,False
22,False
23,False
24,True
25,False
26,False
27,False
28,True
29,False
30,False
31,False
32,False
33,True
34,True
35,True
36,True
37,False
39,False
40,False
41,True
42,False
43,False
44,True
45,True
46,False
47,True
48,False
49,False
50,False
51,True
52,True
53,True
54,True
55,False
56,False
57,False
58,True
59,True
60,False
61,True
62,True
63,False
64,False
65,True
66,False
67,False
68,False
69,False
70,True
71,True
72,True
73,False
74,False
75,False
76,True
77,True
78,True
79,True
80,False
81,True
82,True
83,True
84,False
85,False
86,True
87,True
88,False
89,False
90,True
91,False
94,False
95,True
96,True
97,False
99,False
100,False
101,False
105,True
106,True
107,True
108,True
109,True
110,False
112,True
113,False
114,True
115,True
116,False
117,False
118,True
119,False
120,False
121,False
122,True
123,True
124,False
125,True
126,False
127,True
128,False
129,True
130,True
131,False
132,False
133,True
134,False
135,True
136,False
137,True
138,False
139,False
140,False
141,True
142,True
143,True
144,False
146,True
147,False
148,False
149,False
150,True
151,True
153,False
154,False
155,False
156,True
157,False
158,True
159,False
160,True
161,True
162,False
163,True
164,False
165,False
166,True
167,False
168,False
169,True
170,False
171,True
172,True
173,False
174,False
176,False
177,True
178,True
179,True
180,True
181,True
182,True
183,False
184,True
185,False
186,True
187,True
188,True
189,False
190,False
191,False
192,False
193,False
194,False
195,True
196,True
197,True
198,False
199,False
200,False
201,False
202,True
203,False
204,False
205,False
206,True
207,False
208,False
209,False
210,False
211,True
212,True
213,False
214,False
215,True
216,False
217,False
218,False
219,False
220,False
221,True
223,True
225,False
226,False
229,True
230,False
231,False
232,False
233,False
234,True
235,False
236,False
237,True
238,True
239,False
240,True
241,False
242,False
243,False
244,True
245,True
246,False
247,True
248,False
249,True
250,True
252,False
253,True
254,True
255,True
256,True
257,True
258,True
259,False
261,False
262,False
263,True
264,True
265,True
267,True
268,True
269,True
270,True
271,True
273,False
274,True
275,False
276,False
277,False
278,True
279,False
281,True
282,True
283,True
284,True
285,False
286,True
287,True
288,True
289,False
290,False
291,False
292,False
293,False
294,False
296,True
297,True
298,False
299,False
300,True
301,False
302,False
303,True
304,True
305,True
306,True
307,True
308,False
309,False
310,False
311,True
312,False
313,True
315,True
316,False
318,True
319,False
320,True
321,True
322,False
323,False
324,True
325,False
326,False
327,True
328,True
329,False
330,True
331,False
332,False
333,False
334,True
335,False
336,False
337,True
338,False
339,True
340,True
341,False
342,True
343,True
345,True
346,True
347,False
348,False
349,False
350,True
351,True
352,False
353,False
354,False
355,False
356,True
357,False
358,False
359,False
360,True
361,True
362,False
363,False
364,False
365,True
366,True
367,False
368,False
369,False
370,False
371,False
372,False
373,False
374,False
375,True
376,False
377,False
378,True
379,False
380,True
381,True
382,False
383,True
384,True
385,True
386,True
387,True
388,True
389,True
390,True
391,False
393,False
394,True
395,True
396,True
397,False
398,False
399,False
400,True
401,False
402,False
403,False
404,False
405,False
406,False
407,False
408,True
409,True
410,False
411,True
412,True
413,True
414,True
416,True
418,True
419,True
420,False
421,True
422,False
423,False
424,True
425,False
426,True
427,True
428,True
429,True
430,False
431,False
432,False
433,False
434,True
435,False
437,True
438,True
439,False
440,True
441,False
442,True
443,False
444,False
445,True
446,True
447,False
448,False
449,True
450,False
451,False
452,False
454,False
455,True
457,True
458,True
459,False
460,True
461,False
463,True
464,False
465,False
466,True
467,True
468,True
469,False
470,True
471,True
472,True
473,True
474,True
475,True
476,True
477,True
478,True
479,False
480,False
481,True
482,True
483,False
484,True
485,False
486,True
488,False
489,True
490,False
491,False
492,False
493,True
494,False
495,False
496,False
497,False
498,True
499,True
500,True
501,True
502,True
503,False
504,True
505,False
506,False
507,False
508,False
509,False
510,True
511,True
512,True
513,True
514,False
515,True
516,True
517,True
518,True
519,False
520,True
521,False
522,False
523,True
524,True
525,False
526,False
527,True
528,True
529,False
530,False
531,True
532,True
534,True
535,True
536,True
537,True
538,False
539,True
540,True
541,True
542,False
543,True
544,False
545,False
546,True
547,False
548,False
549,True
550,False
551,True
552,False
553,True
554,True
555,True
556,True
557,True
558,True
559,False
560,True
561,False
562,False
563,False
564,False
565,False
567,False
568,False
569,True
570,True
571,False
572,False
573,True
574,True
575,False
576,True
577,True
578,True
579,False
580,True
581,False
583,False
584,False
585,True
586,False
587,False
588,True
589,True
590,True
591,False
592,True
593,True
594,True
595,False
597,True
598,True
599,True
600,False
601,True
602,True
603,False
604,False
605,True
606,False
607,False
608,False
609,False
610,True
611,True
612,False
613,True
614,True
615,False
616,True
617,True
618,True
619,True
620,False
621,True
622,True
623,True
624,False
625,True
627,True
628,False
629,True
630,False
631,False
632,True
633,False
634,False
635,True
636,False
637,True
638,False
639,False
640,False
641,True
642,False
643,False
644,False
645,False
647,False
648,False
650,True
651,False
652,True
653,True
654,True
655,False
656,True
657,False
658,False
659,False
660,True
661,True
662,False
663,False
664,True
666,False
667,True
668,True
669,True
670,False
671,True
672,False
673,True
674,True
675,True
676,True
677,True
680,False
683,False
684,True
685,False
686,True
687,False
688,False
689,True
690,True
692,False
693,False
694,False
695,False
696,True
697,True
698,True
700,False
701,False
702,False
703,False
705,False
706,True
707,False
708,True
709,False
710,False
711,True
712,False
714,True
715,True
716,False
717,True
718,False
719,True
720,False
722,True
723,False
724,False
725,False
726,True
727,True
728,False
729,False
731,False
732,True
733,True
734,False
735,False
736,True
737,True
738,True
739,False
740,True
741,False
742,False
743,False
744,True
745,True
746,False
747,True
748,False
749,False
750,False
751,False
752,True
753,True
754,False
755,False
757,True
758,False
759,True
760,False
761,True
762,False
763,True
764,True
765,False
766,True
767,False
768,True
769,False
770,False
771,True
772,False
773,True
774,True
775,True
776,False
777,False
778,False
779,True
781,True
782,False
783,True
784,True
786,False
787,True
789,False
790,True
791,True
792,True
794,False
795,False
796,False
797,False
799,False
800,False
801,True
802,True
803,True
804,True
805,True
806,False
807,True
808,True
809,False
810,False
811,False
812,False
813,True
814,True
815,False
816,True
817,False
818,False
819,True
820,False
821,False
822,False
823,False
824,True
825,False
827,False
828,False
829,False
830,True
831,False
833,False
834,True
836,True
837,False
838,True
839,True
841,False
842,False
843,True
844,False
845,False
846,True
847,False
848,True
849,True
851,False
852,False
853,False
854,False
855,True
856,False
857,True
858,True
859,False
860,False
861,True
862,True
863,True
864,False
865,False
866,True
867,False
868,True
869,True
871,True
872,False
873,False
874,False
875,True
876,True
877,True
878,True
879,False
880,False
881,False
882,False
883,True
884,False
885,True
886,True
887,False
888,False
889,False
890,True
891,True
892,False
893,True
894,True
895,True
896,False
897,False
898,False
899,True
900,True
901,False
902,False
903,True
904,False
905,False
906,True
907,True
908,False
909,True
910,False
911,False
912,False
913,True
914,False
915,True
916,False
917,True
918,True
919,False
920,False
921,True
922,False
923,False
925,True
926,False
927,True
929,True
930,False
931,False
932,False
933,False
934,True
935,False
936,True
937,False
938,False
939,True
940,False
941,True
943,False
944,False
945,True
947,True
948,True
950,False
951,True
952,False
953,True
955,False
956,True
957,True
958,True
960,False
961,True
962,False
963,False
964,False
965,False
966,True
967,False
968,False
969,True
970,True
971,False
972,False
973,False
974,True
975,False
976,True
977,True
978,False
979,True
981,False
982,False
983,False
984,False
985,True
986,True
987,True
988,True
989,False
990,False
991,False
992,True
993,True
994,True
995,True
996,False
997,False
998,False
999,True
1000,True
1002,True
1003,False
1004,False
1005,True
1006,True
1007,False
1009,False
1010,False
1011,False
1012,False
1013,True
1014,True
1015,True
1016,False
1018,True
1019,False
1020,False
1021,True
1022,True
1023,False
1024,True
1025,False
1026,True
1027,True
1030,False
1031,True
1032,False
1033,False
1034,True
1035,False
1036,False
1038,False
1039,False
1040,True
1041,False
1042,True
1043,True
1044,True
1045,False
1046,False
1047,True
1048,True
1050,True
1051,False
1053,False
1054,True
1055,False
1056,False
1057,True
1059,True
1061,True
1062,True
1063,True
1064,True
1065,True
1066,True
1067,True
1068,False
1069,False
1071,True
1072,True
1073,False
1074,False
1076,True
1077,True
1078,False
1079,True
1080,False
1081,False
1082,False
1083,False
1085,False
1086,True
1087,True
1088,True
1089,True
1090,False
1091,True
1092,False
1093,True
1094,True
1095,False
1096,True
1097,True
1098,False
1099,False
1100,True
1101,True
1102,False
1103,True
1104,False
1106,False
1108,True
1109,True
1110,True
1111,False
1112,True
1113,False
1114,True
1115,True
1117,False
1118,True
1120,False
1121,True
1122,False
1123,False
1124,False
1125,False
1126,False
1127,True
1128,False
1129,False
1130,True
1131,True
1132,True
1133,False
1135,False
1136,False
1137,False
1138,False
1140,False
1141,False
1142,False
1143,True
1144,False
1145,True
1146,False
1147,True
1148,False
1149,True
1150,True
1151,True
1152,True
1153,False
1154,False
1155,False
1156,False
1157,False
1158,True
1159,True
1161,True
1162,True
1163,False
1164,False
1165,True
1166,False
1167,True
1168,True
1169,True
1170,False
1171,True
1172,True
1173,True
1174,True
1175,True
1176,False
1177,False
1178,False
1179,True
1180,False
1181,False
1182,False
1183,True
1184,True
1185,False
1186,False
1187,False
1188,True
1189,False
1190,False
1191,False
1193,False
1194,False
1195,False
1196,False
1197,False
1198,True
1199,True
1200,False
1202,False
1203,True
1204,False
1205,True
1206,True
1207,True
1208,False
1209,False
1210,False
1211,False
1212,False
1213,True
1214,True
1215,False
1216,True
1217,True
1218,False
1220,True
1221,False
1222,True
1223,True
1224,False
1225,False
1226,True
1227,False
1228,True
1229,True
1230,True
1231,False
1233,False
1234,False
1235,True
1236,True
1237,False
1238,True
1239,False
1240,False
1241,True
1242,True
1243,False
1244,False
1245,True
1246,True
1247,False
1248,False
1249,True
1250,True
1251,False
1252,True
1253,False
1254,False
1255,False
1256,False
1257,True
1258,True
1259,False
1260,False
1261,False
1262,True
1264,False
1265,False
1266,False
1267,True
1268,False
1269,True
1270,True
1271,False
1272,False
1273,False
1274,False
1275,False
1276,True
1277,False
1278,True
1279,True
1280,True
1281,False
1282,True
1283,True
1284,False
1285,False
1286,True
1287,True
1288,False
1289,False
1291,False
1292,False
1293,False
1294,True
1295,False
1296,True
1297,False
1298,False
1299,True
1300,False
1301,True
1302,False
1303,False
1304,True
1305,True
1306,True
1307,False
1308,True
1309,False
1310,True
1311,True
1312,True
1313,False
1314,False
1315,False
1316,False
1317,True
1318,False
1319,True
1320,False
1321,True
1323,True
1324,True
1325,False
1326,False
1328,False
1329,False
1330,True
1331,False
1332,False
1333,False
1334,False
1335,False
1336,True
1337,False
1338,False
1339,False
1340,False
1341,False
1342,False
1343,True
1344,True
1345,True
1346,True
1347,False
1348,True
1349,True
1350,True
1351,False
1352,True
1353,True
1354,True
1355,True
1356,False
1357,False
1358,False
1359,True
1360,False
1361,False
1363,False
1364,False
1365,False
1366,False
1367,False
1368,False
1369,True
1370,True
1371,True
1372,True
1373,False
1374,True
1375,False
1376,False
1377,True
1378,False
1380,False
1381,False
1382,True
1384,True
1385,False
1386,True
1387,True
1388,True
1389,True
1390,False
1391,False
1392,False
1393,True
1394,True
1395,False
1396,True
1397,False
1398,False
1399,False
1400,True
1401,False
1402,False
1403,True
1404,False
1406,True
1407,True
1408,False
1409,False
1410,True
1411,False
1412,True
1413,False
1414,False
1415,False
1416,False
1417,False
1418,True
1420,False
1421,True
1422,True
1423,False
1424,False
1425,False
1426,True
1427,True
1428,False
1429,False
1430,False
1432,False
1433,True
1434,True
1435,False
1436,False
1437,False
1438,True
1439,True
1440,True
1441,True
1442,True
1443,True
1444,False
1445,True
1446,True
1447,True
1448,True
1449,True
1450,False
1451,False
1452,False
1453,True
1455,False
1456,True
1457,False
1458,True
1459,False
1460,True
1461,False
1463,False
1465,True
1466,False
1468,True
1469,False
1470,False
1471,False
1472,False
1473,False
1474,False
1475,False
1476,False
1477,True
1479,True
1480,True
1482,False
1483,False
1484,False
1485,True
1486,False
1487,True
1488,False
1489,False
1490,True
1492,False
1493,False
1494,True
1495,True
1496,True
1497,True
1498,False
1499,True
1500,True
1501,False
1502,True
1503,True
1504,True
1505,True
1506,True
1507,True
1508,False
1509,False
1510,False
1511,True
1512,True
1513,False
1514,True
1515,False
1516,True
1517,True
1518,True
1520,False
1521,False
1522,True
1523,True
1524,False
1525,True
1526,True
1527,False
1528,True
1529,True
1530,True
1532,True
1533,False
1534,False
1535,True
1536,True
1537,False
1538,False
1539,False
1540,True
1541,True
1542,True
1543,False
1544,False
1545,False
1546,True
1547,False
1548,True
1549,False
1551,True
1552,False
1553,False
1554,True
1555,False
1556,True
1557,True
1558,False
1560,True
1561,False
1562,False
1563,True
1564,False
1566,False
1567,False
1568,True
1569,False
1570,False
1571,True
1572,True
1573,False
1574,False
1575,True
1576,False
1577,False
1578,False
1579,False
1580,False
1581,False
1582,False
1583,False
1584,False
1585,False
1586,True
1588,False
1589,True
1590,False
1591,False
1593,True
1594,False
1595,False
1596,True
1597,False
1598,False
1600,True
1601,True
1602,True
1603,False
1604,False
1605,True
1606,False
1607,False
1608,False
1609,True
1611,False
1612,True
1613,False
1614,False
1615,True
1618,False
1619,False
1620,False
1621,False
1622,True
1623,False
1625,False
1626,False
1628,True
1629,False
1630,True
1631,False
1632,False
1633,True
1634,True
1635,True
1636,True
1637,False
1638,True
1639,False
1640,False
1641,True
1642,True
1643,False
1644,False
1645,False
1646,True
1647,True
1648,False
1649,False
1650,True
1651,False
1652,True
1653,True
1654,False
1655,False
1656,False
1657,False
1658,False
1659,True
1660,False
1661,True
1662,True
1663,False
1664,False
1665,True
1666,True
1667,True
1668,True
1669,False
1670,True
1671,True
1672,True
1673,False
1674,True
1675,True
1676,False
1677,False
1678,True
1679,True
1682,False
1683,False
1684,False
1685,False
1686,False
1688,True
1689,False
1691,True
1692,False
1693,False
1694,True
1695,True
1696,False
1697,False
1698,True
1699,True
1700,False
1701,False
1702,False
1703,False
1704,True
1706,True
1707,False
1708,True
1709,True
1710,False
1711,True
1712,False
1713,True
1715,False
1716,False
1717,True
1718,True
1719,True
1720,True
1721,True
1722,True
1723,False
1724,False
1725,False
1726,True
1727,True
1728,False
1729,False
1730,False
1731,True
1732,True
1733,False
1734,False
1735,False
1736,False
1737,False
1738,False
1739,True
1740,True
1741,True
1742,False
1743,True
1744,False
1745,True
1746,False
1747,False
1748,True
1749,False
1750,True
1751,False
1753,False
1754,True
1755,False
1757,False
1758,False
1759,True
1761,False
1762,True
1763,False
1765,False
1766,False
1767,False
1768,False
1769,True
1772,False
1773,False
1774,False
1775,True
1776,False
1777,False
1778,False
1779,False
1780,True
1782,False
1783,True
1784,True
1785,False
1786,False
1787,True
1788,True
1789,False
1790,False
1791,False
1792,False
1793,False
1794,False
1795,False
1796,False
1797,True
1798,False
1799,False
1800,True
1801,True
1802,False
1803,False
1804,True
1805,True
1806,False
1807,False
1808,False
1809,True
1810,True
1811,True
1812,False
1813,False
1814,True
1815,False
1816,False
1817,False
1818,False
1819,False
1820,False
1821,False
1822,False
1823,False
1824,False
1825,False
1826,False
1828,False
1829,True
1830,False
1831,True
1832,True
1833,True
1834,True
1835,False
1836,False
1837,True
1838,False
1839,False
1841,True
1842,True
1843,False
1844,True
1845,False
1846,False
1847,True
1848,True
1849,True
1850,False
1851,True
1852,True
1853,True
1854,True
1855,True
1856,False
1857,True
1858,False
1859,True
1860,False
1861,False
1863,True
1864,False
1866,True
1867,True
1868,False
1869,True
1870,False
1871,False
1873,False
1874,True
1875,False
1877,False
1878,False
1879,False
1880,True
1881,False
1882,True
1883,True
1884,True
1885,False
1886,False
1887,False
1888,True
1889,True
1891,False
1892,True
1893,True
1894,True
1895,True
1896,False
1897,True
1898,False
1899,False
1900,True
1901,False
1902,False
1903,True
1904,True
1905,True
1906,False
1907,True
1909,True
1910,False
1911,True
1912,True
1913,False
1914,False
1915,False
1916,True
1917,True
1918,True
1919,True
1920,False
1921,False
1922,False
1923,False
1924,True
1925,True
1926,False
1927,True
1929,False
1930,False
1931,True
1932,True
1933,False
1934,True
1935,False
1936,True
1937,False
1938,False
1939,True
1940,False
1941,False
1942,True
1943,False
1944,False
1945,False
1946,True
1947,False
1948,True
1949,True
1950,True
1951,False
1952,True
1953,False
1954,True
1955,False
1956,True
1957,False
1959,False
1960,False
1961,True
1962,False
1963,False
1964,False
1965,True
1966,True
1967,True
1968,False
1969,False
1971,False
1972,False
1973,False
1974,False
1975,False
1976,False
1977,True
1978,True
1979,False
1981,False
1982,True
1983,False
1984,False
1985,True
1986,False
1987,False
1988,False
1989,True
1990,False
1991,False
1992,False
1993,False
1994,False
1995,True
1996,False
1997,False
1999,False
2000,True
2001,True
2002,True
2004,True
2005,True
2006,True
2008,False
2009,False
2011,False
2012,True
2013,False
2014,True
2015,False
2016,False
2017,False
2018,False
2019,False
2020,True
2021,True
2022,True
2023,True
2024,True
2025,False
2027,False
2028,True
2029,False
2030,False
2031,False
2032,True
2033,True
2034,True
2035,True
2036,False
2037,False
2038,False
2039,False
2040,False
2041,False
2042,False
2043,False
2045,False
2046,True
2047,False
2048,False
2049,True
2050,False
2051,True
2052,True
2053,False
2054,True
2055,False
2056,True
2057,False
2058,False
2059,True
2060,False
2061,False
2062,False
2063,False
2064,False
2065,True
2066,False
2067,True
2068,True
2069,True
2070,False
2072,True
2073,True
2074,False
2075,True
2076,False
2077,False
2078,False
2079,False
2080,False
2081,False
2082,False
2083,True
2084,True
2085,False
2086,False
2087,False
2088,True
2090,False
2091,True
2092,True
2093,True
2094,True
2095,False
2096,True
2097,False
2098,False
2099,False
2100,False
2101,False
2102,True
2103,True
2104,True
2105,True
2106,True
2107,True
2108,True
2109,False
2110,False
2111,True
2112,False
2113,True
2114,False
2115,True
2116,True
2117,True
2119,True
2120,False
2121,True
2122,True
2123,False
2124,False
2125,True
2126,False
2127,False
2128,True
2130,False
2131,False
2132,False
2133,True
2135,False
2136,False
2137,False
2138,False
2139,True
2140,False
2141,False
2142,False
2143,False
2144,True
2145,False
2146,False
2147,False
2148,True
2149,False
2150,True
2151,True
2152,False
2153,True
2154,True
2155,False
2156,True
2157,False
2158,False
2159,True
2160,False
2161,True
2162,True
2163,False
2164,True
2165,False
2166,False
2167,False
2168,False
2169,True
2170,True
2171,False
2172,False
2173,False
2174,False
2175,True
2176,False
2177,True
2178,True
2179,False
2180,False
2181,True
2182,False
2183,True
2184,False
2185,False
2186,False
2187,True
2188,False
2190,True
2191,False
2192,True
2193,True
2194,False
2195,False
2196,False
2197,False
2198,True
2199,False
2200,False
2201,True
2202,True
2203,False
2204,True
2205,False
2206,True
2207,True
2208,True
2209,True
2210,False
2211,False
2212,False
2213,False
2214,False
2215,True
2216,True
2217,False
2218,True
2219,False
2220,False
2221,False
2222,False
2223,True
2224,True
2225,False
2228,False
2229,True
2230,False
2232,False
2233,True
2234,False
2235,False
2236,False
2237,False
2238,False
2239,False
2240,True
2241,False
2242,False
2243,False
2244,True
2245,True
2246,True
2247,True
2248,False
2249,True
2250,True
2251,True
2252,True
2253,True
2254,False
2255,False
2256,False
2257,True
2259,False
2260,True
2261,True
2262,True
2263,True
2264,False
2265,False
2266,False
2267,True
2268,False
2269,False
2270,True
2271,True
2272,False
2274,False
2275,False
2276,False
2277,True
2278,True
2279,False
2280,True
2281,False
2282,False
2283,True
2284,False
2285,False
2286,False
2287,True
2288,True
2289,True
2290,False
2292,False
2293,False
2294,False
2295,False
2296,False
2297,False
2298,False
2299,True
2300,False
2302,True
2303,True
2304,False
2306,False
2307,False
2308,False
2309,False
2310,False
2311,True
2312,False
2313,True
2314,False
2316,False
2317,True
2318,False
2319,False
2320,False
2321,True
2322,False
2323,False
2324,False
2325,True
2326,False
2327,True
2328,True
2329,False
2330,True
2331,False
2332,True
2334,False
2335,True
2336,False
2337,True
2338,True
2339,True
2340,False
2343,True
2344,True
2345,True
2347,True
2348,False
2349,True
2350,False
2351,True
2352,False
2353,True
2354,False
2355,True
2356,False
2357,False
2358,False
2359,True
2360,False
2361,False
2362,False
2364,True
2365,False
2366,False
2367,True
2368,False
2369,True
2370,False
2371,True
2372,True
2373,True
2374,True
2375,True
2376,True
2377,True
2378,True
2380,True
2381,True
2383,True
2384,False
2385,False
2386,False
2387,True
2388,False
2389,True
2390,True
2391,False
2392,True
2393,True
2394,True
2395,True
2396,False
2397,False
2398,False
2399,False
2400,False
2401,False
2403,True
2404,True
2405,True
2406,False
2407,False
2408,True
2409,False
2410,False
2411,True
2412,False
2413,False
2414,False
2415,False
2416,False
2417,True
2418,True
2420,False
2421,True
2422,False
2423,True
2424,True
2425,False
2426,False
2428,True
2429,False
2430,True
2431,False
2432,True
2433,False
2434,False
2435,True
2436,True
2437,True
2438,True
2439,True
2441,False
2442,True
2443,False
2444,False
2445,False
2446,True
2447,False
2448,False
2450,True
2451,False
2452,False
2453,True
2454,False
2455,True
2456,True
2457,False
2458,False
2459,False
2460,False
2461,False
2462,False
2463,True
2464,False
2465,True
2466,True
2467,True
2468,False
2469,False
2470,False
2471,False
2472,False
2473,True
2474,True
2475,False
2476,False
2478,True
2479,False
2480,False
2481,True
2482,False
2483,True
2484,True
2485,False
2486,False
2487,False
2488,False
2489,False
2490,False
2491,False
2492,True
2493,True
2494,False
2495,True
2496,False
2497,False
2498,True
2499,False
2500,False
2501,True
2502,False
2503,True
2504,False
2506,False
2507,False
2508,False
2509,False
2510,False
2512,False
2513,False
2514,True
2515,True
2516,False
2517,False
2518,True
2519,True
2520,True
2521,True
2522,True
2523,True
2524,False
2526,True
2527,True
2529,False
2530,True
2531,False
2532,False
2533,True
2534,False
2535,True
2536,True
2537,True
2538,True
2539,False
2540,False
2541,False
2542,False
2543,True
2544,True
2545,False
2546,True
2548,False
2549,True
2550,False
2551,True
2552,False
2553,False
2554,True
2555,True
2556,False
2557,False
2558,False
2559,False
2561,True
2563,True
2564,False
2565,False
2566,True
2567,False
2568,False
2569,True
2570,False
2571,True
2572,False
2574,False
2575,True
2576,False
2577,False
2578,True
2579,True
2580,False
2581,True
2582,False
2583,False
2584,False
2585,False
2586,False
2587,False
2588,False
2589,False
2590,False
2592,True
2593,False
2594,False
2595,True
2596,False
2597,True
2598,True
2599,True
2600,False
2601,False
2602,False
2604,False
2605,False
2606,False
2607,True
2608,True
2609,True
2610,True
2611,False
2612,False
2613,False
2614,False
2615,True
2616,False
2617,True
2618,False
2619,True
2620,False
2621,False
2622,False
2623,False
2624,True
2625,True
2626,False
2627,False
2628,True
2629,True
2630,True
2631,False
2632,True
2633,True
2634,True
2635,False
2636,True
2637,True
2638,True
2640,True
2641,True
2642,False
2643,True
2644,True
2646,False
2647,False
2648,True
2649,False
2650,False
2651,True
2652,False
2653,False
2654,False
2655,True
2656,False
2657,False
2658,True
2659,True
2660,False
2661,True
2662,False
2663,False
2664,False
2665,True
2666,True
2667,True
2668,True
2669,True
2670,True
2671,True
2672,False
2673,False
2674,True
2675,True
2676,False
2677,False
2678,True
2679,True
2680,True
2681,True
2682,True
2683,False
2684,True
2685,False
2686,False
2687,True
2688,False
2689,False
2690,False
2691,True
2692,False
2693,False
2694,False
2695,False
2696,True
2697,False
2698,True
2699,False
2700,True
2701,False
2702,False
2703,False
2704,False
2705,True
2706,False
2708,False
2709,True
2710,False
2711,False
2712,False
2713,True
2714,False
2715,False
2716,False
2717,False
2718,False
2719,False
2720,True
2721,True
2722,True
2723,True
2724,True
2725,True
2727,True
2728,False
2729,True
2730,True
2731,True
2732,False
2733,False
2734,False
2735,False
2736,True
2737,True
2739,False
2740,False
2741,False
2742,False
2743,False
2744,True
2745,True
2746,True
2747,False
2748,False
2749,True
2750,True
2751,False
2752,False
2753,False
2754,False
2755,False
2756,False
2757,False
2758,False
2759,True
2760,True
2761,False
2763,True
2764,True
2766,False
2767,True
2768,True
2769,False
2770,False
2771,False
2772,True
2773,False
2774,False
2775,False
2776,True
2777,True
2778,False
2779,True
2780,False
2781,False
2782,True
2783,True
2784,True
2785,False
2786,True
2787,False
2788,True
2789,False
2790,False
2791,False
2792,False
2793,True
2794,False
2795,False
2796,False
2797,False
2798,False
2799,False
2800,False
2801,True
2802,True
2803,True
2804,False
2805,False
2806,False
2807,False
2809,True
2810,True
2811,False
2812,False
2813,False
2814,False
2815,False
2817,False
2819,False
2820,False
2821,False
2822,False
2823,False
2824,True
2825,False
2826,False
2827,True
2829,False
2830,False
2831,False
2832,False
2834,False
2835,False
2836,False
2837,True
2838,True
2839,False
2840,True
2841,True
2842,False
2843,True
2844,False
2845,True
2846,True
2847,False
2848,True
2849,True
2850,False
2851,False
2852,True
2853,True
2854,True
2855,False
2856,True
2859,False
2860,True
2862,True
2863,False
2864,True
2865,False
2866,True
2867,True
2868,False
2869,True
2870,True
2871,True
2872,False
2873,True
2874,True
2875,True
2876,False
2878,True
2879,True
2880,False
2881,False
2882,False
2883,False
2884,False
2885,True
2886,False
2887,True
2888,True
2889,True
2890,True
2891,True
2892,True
2893,True
2894,False
2895,False
2896,True
2897,True
2898,True
2899,True
2900,False
2901,True
2902,True
2904,False
2905,False
2906,False
2907,True
2908,True
2909,True
2910,True
2911,True
2912,False
2913,False
2914,True
2915,False
2916,True
2917,False
2918,False
2919,False
2922,True
2923,True
2924,True
2925,True
2926,False
2927,True
2928,True
2929,True
2930,True
2931,False
2932,False
2933,False
2934,True
2935,True
2936,True
2937,False
2938,False
2939,True
2941,True
2942,False
2943,True
2944,False
2945,False
2946,True
2947,False
2949,False
2950,False
2951,False
2952,False
2953,False
2954,False
2955,False
2956,False
2957,False
2958,True
2959,False
2960,True
2961,False
2962,False
2963,False
2964,False
2965,False
2966,False
2967,False
2968,False
2969,True
2970,True
2971,True
2972,True
2973,False
2974,True
2975,False
2976,False
2977,False
2978,False
2979,False
2980,False
2982,True
2983,True
2984,False
2985,True
2986,True
2987,True
2988,False
2989,True
2990,False
2991,False
2992,False
2993,True
2994,False
2995,False
2996,True
2997,False
2998,False
2999,False
3000,False
3001,False
3002,False
3003,False
3004,True
3005,True
3006,True
3007,False
3008,False
3009,False
3010,False
3011,False
3012,True
3013,True
3014,False
3015,True
3017,True
3018,False
3019,True
3020,False
3022,True
3023,False
3024,True
3025,True
3026,True
3027,True
3028,True
3029,False
3030,True
3032,True
3033,False
3034,False
3035,False
3036,False
3037,True
3038,True
3039,True
3041,False
3042,True
3043,True
3045,True
3046,True
3047,True
3048,True
3049,True
3050,False
3051,False
3052,True
3053,False
3054,True
3056,True
3057,False
3058,True
3059,True
3060,True
3062,True
3063,False
3064,False
3065,False
3066,False
3067,True
3068,False
3069,False
3070,True
3071,False
3073,False
3074,True
3075,True
3076,True
3077,True
3078,True
3079,False
3080,True
3081,True
3082,True
3083,True
3084,True
3085,True
3086,False
3087,False
3088,False
3089,True
3090,False
3091,True
3093,True
3094,True
3095,True
3096,True
3097,False
3098,False
3099,True
3100,False
3101,True
3102,False
3103,False
3104,True
3105,True
3106,False
3107,False
3108,True
3109,False
3110,True
3111,True
3112,True
3113,False
3114,False
3115,True
3116,True
3117,True
3118,True
3119,False
3120,False
3121,True
3122,False
3123,False
3124,True
3125,False
3126,False
3127,True
3128,True
3129,False
3130,False
3131,False
3132,True
3133,False
3134,False
3135,False
3136,True
3137,True
3138,False
3139,True
3140,True
3141,True
3142,False
3143,True
3144,True
3145,True
3146,True
3147,True
3148,False
3149,True
3150,False
3151,True
3152,False
3153,True
3154,True
3155,False
3156,True
3157,False
3158,False
3159,False
3160,True
3161,False
3162,True
3163,False
3164,True
3165,True
3166,False
3167,False
3168,True
3169,True
3170,False
3171,False
3172,False
3174,True
3176,False
3177,False
3178,False
3179,True
3180,True
3181,True
3182,True
3183,False
3184,False
3185,True
3186,False
3187,True
3188,True
3189,False
3190,True
3192,True
3193,False
3194,False
3195,False
3196,False
3197,True
3198,True
3199,True
3200,True
3201,True
3202,False
3203,True
3204,False
3205,False
3206,True
3207,True
3208,False
3209,False
3210,True
3211,True
3212,True
3213,True
3214,False
3216,False
3217,False
3218,False
3219,False
3220,True
3221,True
3222,False
3223,True
3224,False
3225,True
3226,False
3227,True
3228,True
3229,True
3230,False
3231,True
3233,True
3234,True
3235,False
3236,False
3237,False
3238,False
3239,False
3240,True
3241,False
3242,True
3243,True
3244,True
3245,False
3246,False
3247,False
3249,True
3250,True
3251,True
3252,False
3253,False
3254,True
3255,True
3256,True
3257,True
3258,True
3259,False
3260,False
3261,False
3262,True
3263,True
3264,False
3266,True
3267,True
3268,False
3269,False
3270,False
3271,False
3272,True
3274,True
3275,True
3276,True
3277,False
3280,True
3281,True
3282,True
3283,False
3284,True
3285,True
3286,False
3288,False
3289,False
3291,True
3292,True
3293,False
3294,False
3295,True
3296,True
3297,True
3298,True
3299,True
3300,False
3301,False
3302,True
3303,False
3304,False
3305,False
3306,False
3307,True
3309,True
3310,True
3311,False
3312,True
3313,False
3314,True
3315,True
3316,True
3317,False
3318,False
3319,True
3320,False
3321,True
3322,True
3323,False
3324,False
3325,True
3326,True
3327,False
3328,False
3329,True
3330,False
3332,False
3333,True
3334,True
3335,False
3336,False
3337,False
3338,False
3339,True
3340,False
3341,True
3342,True
3343,True
3344,False
3346,True
3348,True
3349,False
3350,True
3351,True
3352,True
3354,False
3355,False
3357,True
3358,True
3359,True
3360,True
3361,True
3362,False
3363,False
3364,True
3365,True
3366,False
3367,True
3368,True
3369,False
3370,False
3371,True
3372,True
3373,False
3374,True
3375,False
3376,False
3377,True
3378,False
3379,True
3380,False
3381,False
3382,True
3383,False
3385,False
3386,True
3387,True
3388,True
3389,True
3390,True
3391,True
3392,True
3393,False
3394,True
3395,False
3396,False
3397,False
3398,False
3399,False
3400,True
3401,True
3402,False
3403,True
3404,True
3405,True
3406,True
3407,True
3408,True
3409,False
3410,True
3411,False
3412,True
3413,False
3414,False
3415,True
3416,True
3417,False
3418,True
3419,False
3420,True
3421,True
3422,True
3423,True
3424,False
3425,False
3426,True
3427,True
3429,True
3430,False
3431,False
3432,False
3433,True
3434,False
3435,False
3436,False
3437,False
3438,True
3439,False
3440,True
3441,True
3442,False
3443,False
3444,False
3445,True
3446,False
3447,True
3448,True
3449,True
3450,True
3452,False
3453,False
3454,False
3455,True
3456,False
3457,True
3459,True
3460,True
3461,True
3462,True
3463,True
3464,True
3465,False
3466,True
3467,False
3468,False
3469,True
3470,True
3471,False
3472,True
3473,False
3474,True
3475,False
3476,True
3477,False
3478,True
3479,False
3480,True
3481,False
3482,False
3483,True
3485,True
3486,True
3487,True
3488,True
3489,False
3490,False
3492,False
3493,False
3494,True
3496,False
3497,True
3498,True
3499,False
3500,True
3501,True
3502,True
3503,True
3504,True
3505,False
3506,True
3507,False
3508,True
3509,False
3510,True
3511,True
3512,True
3513,True
3514,True
3515,False
3516,False
3517,False
3518,True
3519,True
3520,True
3521,True
3522,True
3523,True
3524,False
3525,False
3526,False
3527,False
3528,False
3529,False
3530,True
3531,True
3532,True
3533,False
3534,True
3535,True
3536,True
3537,True
3538,True
3539,False
3540,True
3541,False
3542,False
3543,False
3544,False
3545,True
3546,False
3547,True
3548,False
3549,False
3550,True
3551,False
3552,False
3553,False
3555,True
3557,False
3558,True
3559,True
3560,False
3561,False
3562,False
3563,False
3564,False
3565,True
3566,True
3567,False
3568,False
3569,False
3570,True
3571,False
3572,False
3573,False
3574,False
3575,True
3576,True
3577,True
3578,True
3579,True
3580,True
3581,False
3582,True
3583,True
3584,True
3585,True
3586,True
3587,True
3588,True
3589,False
3590,False
3591,True
3592,False
3593,False
3594,True
3595,False
3596,True
3597,False
3598,True
3599,False
3600,True
3601,True
3602,True
3603,False
3604,True
3605,True
3606,True
3607,False
3608,False
3609,True
3610,False
3611,False
3612,True
3613,False
3614,True
3615,True
3616,True
3617,True
3618,True
3619,False
3620,False
3621,True
3623,False
3624,True
3625,True
3626,False
3627,False
3628,True
3629,False
3630,False
3631,True
3632,False
3633,True
3634,True
3635,False
3636,True
3637,True
3638,True
3639,False
3640,False
3641,True
3642,False
3643,True
3644,False
3645,False
3646,True
3647,True
3648,False
3649,True
3650,True
3651,True
3652,False
3653,False
3654,True
3655,False
3656,True
3657,False
3658,False
3659,True
3660,True
3661,True
3662,False
3663,False
3664,True
3665,True
3666,True
3667,True
3668,False
3669,False
3670,False
3671,False
3672,False
3673,False
3674,False
3675,False
3676,False
3677,True
3678,False
3679,False
3680,True
3681,False
3682,False
3683,False
3684,True
3685,False
3686,True
3688,False
3690,True
3691,False
3692,True
3693,True
3694,False
3695,False
3696,True
3697,False
3698,True
3699,True
3700,True
3702,True
3703,True
3705,True
3706,False
3707,False
3708,False
3709,True
3710,False
3711,False
3712,False
3713,True
3714,False
3715,False
3716,False
3717,False
3718,False
3719,True
3720,True
3721,False
3722,True
3723,False
3724,True
3725,False
3726,True
3727,True
3728,True
3729,True
3730,False
3731,True
3732,True
3734,False
3735,True
3736,True
3737,True
3738,False
3740,True
3741,True
3742,True
3743,False
3745,True
3746,True
3748,True
3749,True
3751,False
3752,False
3753,False
3754,False
3755,False
3757,True
3758,True
3759,False
3760,False
3761,False
3762,True
3763,False
3764,False
3765,False
3766,False
3767,True
3768,True
3769,True
3771,False
3772,False
3773,False
3774,True
3775,True
3777,True
3778,False
3779,True
3780,False
3781,True
3782,False
3783,False
3784,False
3785,True
3786,True
3787,True
3788,False
3789,False
3790,True
3791,True
3792,False
3793,True
3794,True
3795,False
3796,False
3797,True
3798,False
3799,False
3800,False
3801,False
3802,True
3803,True
3804,True
3805,True
3806,False
3808,True
3809,False
3810,True
3811,True
3812,True
3813,True
3814,False
3815,False
3816,False
3817,False
3818,False
3819,False
3820,False
3821,True
3822,True
3823,True
3824,True
3825,True
3826,False
3827,False
3828,True
3829,False
3830,False
3831,True
3832,False
3833,True
3834,False
3835,False
3836,True
3837,False
3838,True
3840,True
3841,False
3842,True
3843,True
3844,True
3845,True
3846,False
3847,True
3848,False
3849,True
3851,False
3852,True
3853,True
3854,False
3856,True
3857,False
3859,False
3860,False
3861,False
3862,False
3863,True
3864,False
3865,False
3866,False
3867,True
3868,True
3870,True
3871,True
3872,False
3873,True
3875,False
3876,False
3877,True
3878,True
3879,True
3880,True
3881,True
3883,False
3884,False
3885,True
3886,True
3887,True
3888,False
3889,True
3890,False
3891,True
3892,False
3893,False
3894,True
3895,True
3896,False
3897,False
3898,False
3899,True
3900,True
3901,True
3902,False
3903,False
3904,True
3905,True
3906,True
3907,True
3908,False
3909,False
3910,True
3911,True
3912,True
3913,True
3915,True
3916,False
3917,True
3918,False
3919,False
3920,False
3921,False
3922,False
3923,True
3924,True
3925,True
3926,False
3927,False
3928,True
3929,True
3930,True
3931,True
3932,False
3933,True
3934,False
3935,True
3936,False
3937,True
3938,False
3939,False
3940,True
3941,True
3942,False
3943,True
3944,True
3945,True
3946,True
3947,False
3948,False
3949,False
3950,True
3951,True
3952,True
3953,True
3954,True
3955,False
3956,False
3957,False
3958,True
3959,False
3960,False
3961,True
3962,True
3963,False
3964,False
3965,False
3966,True
3967,True
3968,False
3969,True
3970,True
3971,False
3973,True
3974,False
3975,True
3976,True
3977,False
3978,True
3979,True
3980,True
3981,False
3982,True
3983,False
3984,False
3985,True
3986,False
3987,True
3988,False
3989,False
3990,True
3991,True
3992,False
3993,False
3994,False
3995,False
3996,False
3997,False
3999,False
4000,True
4001,True
4002,True
4003,True
4004,False
4005,False
4006,True
4007,True
4008,True
4010,True
4011,True
4012,False
4013,True
4014,True
4015,False
4016,True
4017,False
4018,True
4019,True
4020,True
4021,True
4023,False
4024,False
4025,True
4026,True
4027,True
4028,True
4029,False
4030,False
4031,True
4032,True
4033,True
4034,False
4035,True
4036,False
4037,False
4038,True
4040,False
4041,True
4042,True
4043,False
4044,False
4045,True
4046,True
4047,False
4048,True
4049,True
4050,False
4051,True
4052,True
4053,False
4054,True
4055,False
4056,True
4057,True
4059,True
4060,True
4061,True
4062,True
4063,True
4064,False
4065,True
4066,True
4067,True
4068,False
4069,True
4070,False
4071,True
4072,False
4073,True
4074,False
4076,True
4077,True
4078,False
4079,True
4080,False
4081,True
4082,False
4083,True
4084,False
4085,True
4086,True
4087,True
4088,True
4089,False
4091,True
4092,True
4093,False
4096,False
4097,True
4098,True
4099,True
4100,True
4101,False
4102,False
4103,True
4104,True
4105,True
4106,True
4107,True
4108,False
4109,True
4110,True
4111,True
4112,False
4113,True
4114,False
4115,False
4116,False
4117,False
4118,False
4120,False
4121,False
4122,True
4123,True
4125,True
4126,False
4127,False
4128,False
4130,True
4131,True
4132,True
4133,True
4134,False
4135,True
4136,False
4137,False
4138,True
4139,True
4140,True
4141,False
4142,True
4143,False
4144,False
4145,True
4146,False
4147,True
4148,False
4149,False
4150,False
4151,True
4152,True
4153,False
4154,True
4155,True
4156,True
4157,True
4158,False
4159,False
4160,False
4161,False
4162,True
4163,True
4166,True
4167,True
4168,True
4169,True
4170,True
4171,False
4172,True
4174,False
4175,True
4176,True
4177,True
4178,True
4179,False
4180,True
4181,True
4182,False
4183,False
4184,False
4185,False
4186,False
4187,True
4188,True
4189,False
4190,False
4191,False
4192,False
4193,False
4194,False
4195,True
4196,True
4197,True
4198,False
4199,True
4200,False
4201,False
4202,False
4203,False
4204,True
4205,True
4206,False
4207,True
4208,False
4209,False
4210,True
4211,False
4212,True
4213,False
4214,False
4215,False
4216,True
4217,True
4218,True
4219,True
4220,False
4221,False
4222,False
4223,True
4224,False
4225,True
4226,True
4227,False
4228,False
4229,False
4230,True
4231,False
4232,True
4233,False
4234,False
4235,False
4236,False
4237,False
4238,True
4239,True
4240,True
4241,True
4242,True
4243,True
4244,False
4245,True
4246,False
4247,True
4248,False
4249,False
4250,False
4251,False
4252,True
4254,False
4255,False
4256,True
4257,True
4258,True
4259,True
4260,False
4261,False
4262,False
4263,False
4264,True
4265,True
4266,True
4267,True
4268,False
4269,True
4271,True
4272,False
4273,True
4274,True
4275,False
4276,False
4277,False
4278,False
4279,True
4280,True
4281,False
4282,True
4283,True
4284,False
4285,False
4286,False
4287,False
4288,True
4290,True
4291,True
4292,False
4293,True
4294,False
4296,False
4298,True
4299,True
4300,True
4301,False
4302,False
4303,False
4304,True
4305,True
4306,True
4307,True
4308,True
4309,True
4310,False
4311,False
4312,True
4313,False
4314,True
4315,True
4316,True
4317,False
4319,False
4320,False
4321,False
4322,False
4324,False
4325,True
4326,False
4327,False
4328,True
4329,True
4330,True
4331,True
4332,False
4333,False
4334,True
4335,True
4336,True
4337,False
4338,True
4339,True
4341,True
4342,True
4343,False
4344,True
4345,True
4346,True
4347,True
4348,True
4349,True
4350,False
4351,False
4352,False
4353,False
4354,False
4355,True
4357,True
4358,True
4359,False
4360,False
4361,True
4362,True
4363,True
4364,True
4365,True
4366,True
4367,False
4368,False
4369,True
4371,False
4372,True
4373,True
4374,True
4375,False
4376,False
4377,False
4378,False
4379,False
4380,False
4381,True
4382,False
4383,True
4384,False
4385,False
4386,False
4388,False
4389,True
4391,True
4392,True
4393,True
4394,True
4395,True
4396,True
4397,False
4398,False
4400,True
4401,True
4402,False
4403,False
4404,True
4405,False
4406,False
4407,True
4408,False
4409,True
4411,False
4412,True
4413,True
4414,True
4415,True
4417,False
4418,False
4419,True
4420,True
4421,True
4422,False
4423,True
4424,True
4425,False
4426,False
4427,False
4428,True
4429,False
4430,False
4431,True
4432,False
4433,False
4434,True
4435,False
4436,False
4437,False
4438,True
4439,True
4440,True
4441,True
4442,False
4443,False
4444,True
4445,True
4446,True
4447,True
4448,True
4449,False
4450,True
4451,False
4452,True
4453,True
4454,True
4455,True
4456,False
4457,False
4458,True
4459,True
4462,True
4463,True
4464,True
4465,False
4466,False
4467,False
4468,False
4469,False
4470,False
4471,False
4472,True
4474,True
4475,False
4476,False
4477,False
4478,True
4479,True
4480,True
4481,True
4482,True
4483,True
4484,False
4485,True
4486,True
4487,True
4488,False
4489,True
4490,True
4491,True
4492,False
4493,False
4494,True
4496,False
4497,False
4498,True
4499,False
4500,True
4501,True
4502,True
4503,True
4504,False
4505,False
4506,False
4507,True
4508,True
4509,False
4510,True
4511,False
4512,True
4514,True
4515,True
4516,True
4517,True
4518,True
4519,False
4520,False
4521,True
4522,True
4523,True
4524,False
4525,False
4527,True
4528,True
4529,True
4530,False
4531,True
4532,True
4533,True
4534,True
4535,True
4536,True
4537,False
4539,True
4540,False
4541,False
4542,True
4543,False
4545,True
4547,False
4548,True
4549,True
4550,False
4551,False
4552,False
4553,True
4554,False
4555,True
4556,True
4557,True
4558,True
4559,True
4561,False
4562,True
4563,False
4564,False
4566,False
4567,True
4568,True
4569,False
4570,False
4571,True
4572,True
4573,True
4574,True
4575,False
4576,False
4577,False
4578,False
4579,True
4580,False
4581,True
4582,False
4583,True
4584,False
4585,True
4586,True
4587,False
4588,True
4589,True
4590,True
4591,True
4592,False
4593,True
4594,True
4595,False
4596,False
4597,True
4598,True
4599,True
4600,False
4601,False
4602,False
4603,False
4604,False
4605,False
4606,False
4607,False
4608,False
4609,False
4610,True
4611,True
4612,False
4613,True
4614,True
4615,True
4616,True
4617,True
4618,True
4619,True
4620,False
4621,True
4622,True
4623,True
4624,True
4625,True
4626,True
4627,True
4628,True
4630,True
4631,True
4632,False
4633,False
4634,True
4635,False
4636,False
4637,True
4638,True
4639,True
4640,False
4642,True
4644,True
4645,False
4646,False
4647,True
4648,False
4649,False
4650,True
4651,True
4652,True
4653,True
4654,False
4655,True
4656,True
4657,False
4659,False
4660,True
4661,False
4662,True
4663,False
4665,True
4666,True
4667,True
4668,True
4669,False
4670,False
4671,False
4672,False
4673,False
4674,False
4677,False
4678,True
4679,True
4680,False
4681,False
4682,False
4683,False
4684,True
4685,True
4686,True
4687,True
4688,False
4689,True
4690,False
4691,True
4692,False
4693,True
4694,True
4695,False
4696,False
4697,True
4698,True
4699,False
4700,True
4701,True
4702,False
4703,True
4704,False
4705,False
4706,True
4707,True
4708,False
4709,True
4710,True
4711,False
4712,False
4713,False
4714,False
4715,True
4716,False
4717,True
4718,False
4719,False
4720,False
4721,True
4722,True
4723,False
4724,False
4725,False
4726,True
4727,False
4728,True
4730,False
4731,False
4732,True
4733,True
4734,True
4735,True
4736,False
4737,True
4738,False
4739,True
4740,True
4741,False
4742,False
4743,True
4744,True
4745,False
4746,True
4747,False
4748,True
4749,False
4750,True
4752,False
4754,False
4755,False
4756,True
4757,False
4758,False
4759,False
4760,False
4761,False
4762,False
4763,True
4764,False
4765,True
4766,False
4767,True
4769,False
4770,True
4771,False
4772,False
4773,True
4774,False
4775,False
4776,True
4777,True
4778,True
4779,True
4780,True
4781,True
4783,True
4784,True
4785,True
4786,False
4787,False
4788,False
4789,True
4790,True
4791,True
4792,True
4793,True
4794,True
4795,True
4796,False
4797,True
4798,False
4799,False
4800,True
4801,True
4802,False
4803,False
4804,True
4805,True
4806,True
4807,False
4808,True
4809,False
4810,True
4811,False
4812,False
4813,True
4814,False
4815,False
4816,False
4817,True
4818,True
4819,True
4820,True
4821,False
4822,True
4823,True
4825,True
4826,True
4827,False
4828,True
4829,True
4830,False
4831,False
4832,True
4833,True
4835,False
4836,False
4837,True
4838,True
4839,False
4840,True
4841,True
4842,True
4843,True
4844,False
4845,False
4846,False
4847,True
4848,True
4849,False
4850,False
4851,False
4852,True
4853,True
4854,True
4856,True
4857,True
4858,True
4859,False
4860,False
4861,False
4862,False
4863,True
4864,False
4865,False
4866,True
4867,True
4868,True
4869,True
4870,True
4871,False
4872,True
4873,False
4874,False
4876,True
4877,False
4878,False
4879,True
4881,True
4882,False
4883,False
4884,True
4885,False
4886,True
4887,False
4888,True
4889,True
4890,False
4891,True
4892,False
4893,False
4894,True
4895,True
4896,False
4897,False
4898,False
4899,True
4900,True
4901,True
4902,False
4903,True
4904,True
4905,True
4906,False
4907,True
4908,True
4909,False
4910,True
4911,False
4912,True
4913,True
4914,True
4915,True
4916,True
4917,False
4918,True
4919,True
4920,True
4921,True
4922,False
4923,True
4924,True
4925,True
4926,True
4927,True
4928,True
4930,True
4931,True
4932,False
4933,False
4934,True
4935,True
4936,True
4937,True
4938,True
4939,False
4940,False
4941,False
4942,True
4943,True
4944,False
4945,True
4946,False
4947,False
4948,False
4949,True
4950,True
4951,True
4952,False
4953,True
4954,False
4955,True
4956,True
4957,True
4958,True
4959,True
4960,False
4961,False
4962,True
4963,True
4964,True
4965,True
4966,True
4967,True
4968,True
4970,True
4971,True
4972,True
4973,False
4974,False
4975,True
4976,True
4977,True
4978,False
4979,True
4980,True
4982,False
4983,True
4984,True
4985,False
4986,True
4987,True
4988,True
4989,True
4990,False
4991,True
4992,False
4993,True
4994,True
4995,True
4996,True
4997,False
4998,True
4999,False
5000,False
5001,True
5002,False
5003,False
5004,True
5005,False
5006,True
5007,False
5009,True
5010,True
5011,False
5012,False
5013,True
5014,True
5015,False
5016,False
5017,True
5018,True
5019,True
5020,True
5021,False
5022,True
5023,True
5024,True
5025,True
5026,False
5027,False
5028,True
5029,True
5030,True
5031,False
5032,False
5033,False
5034,False
5035,True
5036,True
5037,False
5038,False
5039,True
5040,True
5042,True
5043,True
5044,True
5045,False
5046,True
5047,True
5048,False
5049,True
5050,True
5051,True
5052,False
5054,False
5056,False
5057,False
5058,False
5059,False
5061,True
5062,False
5063,False
5064,False
5065,False
5066,True
5067,False
5068,True
5069,False
5070,True
5071,True
5073,True
5074,False
5075,True
5076,False
5077,True
5078,False
5079,False
5080,False
5081,True
5082,False
5083,False
5084,False
5085,True
5087,False
5089,True
5090,False
5091,True
5092,False
5093,False
5094,True
5095,False
5096,False
5097,True
5098,True
5100,True
5101,True
5103,False
5104,False
5105,False
5106,False
5107,False
5108,False
5109,False
5110,True
5111,False
5112,False
5113,True
5114,True
5115,False
5116,True
5117,False
5118,False
5119,False
5121,True
5122,False
5123,False
5124,True
5126,False
5127,True
5128,True
5129,False
5130,True
5132,False
5133,True
5134,False
5135,True
5136,True
5137,True
5138,False
5139,True
5140,True
5141,False
5142,False
5143,False
5144,False
5145,True
5146,True
5147,True
5148,True
5149,True
5150,False
5151,True
5152,False
5153,True
5154,False
5156,True
5157,True
5158,True
5159,False
5160,False
5161,True
5162,True
5163,True
5164,True
5165,True
5166,False
5167,False
5168,True
5169,False
5170,True
5171,True
5172,True
5173,False
5174,True
5175,False
5176,True
5177,False
5178,False
5179,False
5180,True
5181,False
5182,False
5183,False
5184,True
5185,False
5186,True
5188,True
5189,True
5190,True
5192,True
5193,True
5194,False
5195,True
5196,True
5197,True
5198,False
5199,True
5200,True
5201,True
5202,False
5203,True
5204,True
5206,True
5207,False
5209,False
5210,True
5211,True
5212,False
5213,True
5214,False
5215,False
5216,False
5217,True
5218,False
5219,False
5220,True
5221,False
5222,True
5223,True
5224,False
5225,False
5226,False
5227,True
5228,True
5229,True
5230,True
5232,True
5233,False
5234,True
5235,False
5236,False
5237,True
5238,False
5239,True
5240,False
5241,False
5242,False
5243,True
5245,True
5246,True
5248,True
5249,True
5250,True
5251,True
5252,False
5253,True
5254,True
5255,True
5256,False
5257,True
5258,False
5259,True
5260,False
5261,True
5262,True
5263,True
5264,True
5265,True
5266,True
5267,True
5268,True
5269,False
5271,False
5272,True
5273,False
5274,True
5275,False
5276,False
5277,True
5278,False
5279,False
5280,True
5281,True
5282,True
5284,True
5285,False
5286,False
5287,False
5288,True
5289,True
5290,True
5291,True
5292,False
5293,False
5294,False
5295,False
5296,True
5297,False
5298,False
5299,False
5300,False
5301,True
5302,False
5303,True
5304,False
5305,True
5306,False
5307,False
5308,True
5309,False
5310,False
5311,True
5312,True
5313,True
5314,True
5315,True
5316,True
5317,True
5318,False
5319,True
5320,False
5322,False
5323,False
5324,True
5325,False
5326,False
5327,True
5328,True
5329,True
5330,False
5331,True
5332,True
5333,True
5334,True
5335,True
5336,True
5337,True
5338,True
5339,True
5340,True
5341,True
5342,False
5343,True
5344,True
5345,False
5346,True
5348,True
5349,True
5350,True
5351,True
5352,True
5353,True
5354,False
5355,True
5356,False
5357,False
5358,False
5359,True
5360,True
5361,True
5362,False
5363,False
5364,True
5365,False
5366,False
5367,True
5368,False
5369,True
5371,True
5372,True
5373,True
5374,True
5375,False
5376,False
5377,False
5378,True
5379,False
5380,False
5381,False
5382,False
5383,False
5384,True
5385,False
5386,False
5387,False
5389,True
5390,False
5392,False
5393,False
5394,True
5395,True
5396,False
5397,False
5398,True
5399,False
5400,True
5401,True
5402,True
5403,True
5404,True
5405,True
5406,False
5407,True
5408,False
5410,False
5411,True
5412,True
5413,True
5414,True
5415,False
5416,True
5417,False
5418,False
5419,True
5420,False
5421,True
5422,False
5423,True
5424,False
5425,True
5426,False
5427,True
5428,False
5429,True
5430,False
5431,False
5432,False
5433,False
5434,False
5435,False
5436,True
5437,True
5438,True
5439,False
5440,True
5441,True
5442,True
5443,True
5444,True
5445,True
5446,True
5447,True
5448,False
5449,True
5450,True
5451,True
5452,True
5453,False
5454,True
5455,True
5456,True
5457,False
5458,True
5460,False
5461,True
5462,True
5463,True
5464,True
5465,True
5466,True
5467,False
5468,False
5470,False
5471,True
5472,True
5473,False
5474,True
5475,False
5476,True
5477,True
5478,True
5480,False
5481,False
5482,True
5483,False
5484,False
5485,True
5487,True
5488,True
5489,True
5490,False
5491,True
5492,True
5493,False
5494,True
5495,True
5496,True
5497,True
5498,False
5499,False
5500,False
5501,True
5502,True
5503,True
5504,False
5505,True
5506,True
5507,True
5508,False
5509,True
5510,True
5511,True
5512,False
5514,True
5515,True
5516,False
5517,True
5518,False
5519,False
5520,True
5521,False
5522,False
5523,True
5524,False
5525,False
5526,False
5527,False
5528,True
5529,True
5530,True
5532,True
5533,True
5534,True
5536,False
5537,False
5538,False
5539,True
5540,False
5541,True
5542,True
5543,True
5544,True
5545,True
5546,True
5547,False
5548,False
5549,True
5550,True
5551,False
5552,True
5553,False
5554,False
5555,True
5556,False
5557,False
5558,True
5559,False
5560,False
5561,False
5562,True
5564,True
5565,False
5566,False
5567,True
5568,True
5569,False
5570,True
5571,False
5572,False
5573,True
5574,True
5575,True
5576,False
5577,True
5578,True
5579,True
5580,True
5581,True
5582,False
5583,True
5584,False
5585,True
5586,False
5587,False
5589,False
5590,False
5591,False
5592,False
5594,True
5595,True
5596,False
5597,False
5598,True
5599,True
5600,True
5601,True
5602,False
5603,True
5604,True
5605,True
5606,False
5607,False
5608,True
5609,False
5610,True
5611,True
5612,False
5613,True
5614,False
5615,True
5616,True
5617,False
5618,True
5619,False
5620,True
5621,False
5622,True
5623,False
5624,True
5625,True
5626,False
5627,True
5628,True
5629,False
5630,True
5632,True
5633,False
5634,False
5635,True
5636,True
5637,True
5638,True
5640,True
5641,True
5642,True
5644,False
5646,False
5647,True
5648,False
5649,True
5650,True
5652,True
5653,False
5654,False
5655,True
5656,True
5657,False
5658,False
5659,True
5660,True
5661,True
5662,False
5663,False
5664,False
5665,False
5666,False
5667,False
5668,False
5669,False
5670,True
5671,False
5672,True
5673,True
5674,False
5675,False
5676,True
5678,True
5679,False
5680,True
5681,True
5682,True
5683,True
5684,True
5685,True
5686,True
5687,True
5688,True
5689,False
5690,True
5691,False
5692,True
5693,True
5694,False
5695,True
5696,True
5698,True
5699,True
5700,True
5701,False
5703,False
5704,True
5705,False
5706,False
5707,False
5708,False
5709,True
5711,True
5712,False
5714,False
5715,True
5716,False
5717,False
5718,True
5719,True
5720,False
5721,False
5722,False
5723,True
5724,False
5725,False
5727,False
5728,True
5729,False
5730,False
5731,True
5732,True
5733,True
5735,True
5736,True
5737,False
5738,True
5739,True
5740,False
5741,True
5742,True
5743,False
5745,True
5746,True
5747,True
5748,True
5749,True
5750,False
5751,True
5752,True
5753,False
5754,False
5755,True
5756,False
5757,False
5758,True
5760,True
5761,True
5762,False
5763,False
5764,True
5765,True
5766,True
5767,False
5769,True
5770,True
5772,False
5774,False
5775,False
5776,False
5777,True
5780,True
5781,True
5782,True
5783,True
5784,False
5785,False
5786,False
5787,True
5788,True
5789,True
5790,False
5791,False
5792,True
5793,False
5794,True
5795,True
5796,True
5797,True
5798,True
5800,True
5801,True
5802,True
5803,True
5804,True
5805,False
5807,True
5809,False
5810,True
5811,True
5813,True
5814,True
5815,False
5816,True
5817,False
5819,False
5820,True
5821,False
5822,False
5823,False
5824,True
5825,True
5826,True
5828,False
5829,False
5830,True
5831,True
5832,False
5833,True
5834,False
5835,False
5836,True
5837,False
5838,True
5839,False
5840,True
5841,True
5842,False
5843,False
5844,True
5845,True
5846,True
5847,True
5848,True
5849,True
5850,True
5851,True
5852,False
5853,True
5855,True
5856,False
5857,False
5858,False
5859,False
5860,False
5861,False
5862,True
5863,False
5864,True
5865,True
5867,True
5868,False
5869,True
5870,False
5871,False
5872,False
5873,False
5874,False
5875,False
5876,False
5877,True
5878,False
5879,False
5880,True
5881,True
5882,False
5883,True
5884,True
5885,False
5886,True
5887,True
5888,False
5889,False
5890,True
5891,True
5892,False
5893,True
5894,True
5895,True
5896,True
5897,False
5898,False
5899,False
5900,True
5901,True
5902,True
5903,True
5904,False
5905,True
5906,False
5907,False
5909,True
5910,True
5911,False
5912,False
5913,True
5914,False
5915,False
5916,True
5917,True
5918,True
5919,False
5920,True
5921,True
5922,False
5923,False
5924,False
5926,True
5927,True
5928,True
5929,True
5930,False
5931,True
5932,True
5933,True
5934,True
5935,False
5936,False
5937,False
5938,True
5940,False
5941,True
5942,True
5943,True
5944,True
5945,False
5946,False
5947,True
5950,True
5951,True
5952,False
5953,False
5954,False
5955,False
5956,False
5957,True
5958,False
5959,True
5960,True
5961,False
5962,True
5963,True
5964,False
5965,True
5966,False
5968,True
5969,True
5970,False
5971,False
5972,True
5973,False
5974,False
5975,False
5976,True
5977,True
5978,True
5979,True
5980,True
5981,True
5982,True
5983,True
5984,False
5985,True
5986,False
5987,False
5988,False
5989,True
5990,False
5991,False
5992,True
5993,True
5994,True
5995,False
5996,False
5997,True
5998,False
5999,True
6000,True
6001,True
6002,True
6003,True
6004,True
6005,False
6007,True
6008,True
6009,True
6011,True
6012,False
6013,False
6014,True
6015,False
6016,False
6017,False
6018,True
6019,False
6020,True
6021,False
6022,True
6023,True
6024,False
6025,True
6026,False
6027,True
6028,True
6029,True
6030,False
6031,True
6032,True
6033,False
6034,True
6035,False
6036,False
6038,True
6039,True
6040,True
6041,True
6042,True
6043,False
6044,False
6045,False
6046,True
6047,False
6048,True
6049,False
6050,False
6051,False
6052,True
6053,True
6054,False
6055,True
6056,False
6058,True
6059,True
6061,True
6062,True
6063,False
6064,False
6065,False
6066,False
6068,True
6069,True
6071,False
6073,True
6075,False
6076,True
6077,False
6078,False
6079,False
6080,True
6081,True
6082,False
6083,False
6084,True
6085,False
6086,False
6087,True
6088,True
6089,True
6090,True
6091,True
6092,True
6093,False
6094,True
6095,True
6096,True
6097,True
6098,False
6099,False
6100,True
6102,True
6103,False
6104,True
6105,True
6106,True
6107,False
6108,False
6109,False
6110,False
6111,True
6113,True
6114,True
6115,True
6116,False
6117,True
6118,False
6120,True
6121,False
6122,False
6123,True
6124,True
6125,True
6126,False
6127,False
6128,True
6129,True
6130,False
6131,False
6132,False
6133,True
6134,True
6135,True
6136,True
6137,True
6138,False
6139,False
6140,False
6141,False
6142,True
6143,False
6144,True
6145,True
6146,True
6147,True
6148,False
6149,False
6150,False
6151,True
6152,False
6153,True
6154,True
6155,True
6156,True
6157,False
6158,False
6159,True
6161,False
6162,False
6163,True
6164,False
6165,False
6166,False
6167,True
6168,True
6169,True
6170,False
6171,False
6172,False
6173,False
6174,False
6175,False
6176,True
6177,True
6179,True
6180,True
6181,True
6182,False
6183,True
6184,False
6185,True
6186,False
6187,False
6188,True
6189,False
6190,True
6191,True
6192,False
6193,False
6194,True
6195,False
6197,False
6198,False
6199,True
6200,True
6201,False
6202,True
6203,True
6204,False
6205,True
6206,False
6207,True
6208,False
6209,False
6210,False
6211,False
6212,False
6213,False
6214,True
6215,False
6216,False
6217,True
6218,False
6219,False
6220,True
6221,False
6222,False
6223,True
6224,True
6225,True
6227,True
6228,True
6229,False
6230,True
6231,False
6232,True
6233,True
6234,False
6235,True
6236,True
6237,True
6238,True
6239,False
6240,True
6241,True
6242,True
6243,False
6244,False
6245,False
6246,True
6247,False
6248,True
6249,True
6250,True
6251,True
6252,True
6253,True
6254,True
6255,False
6256,True
6257,True
6258,False
6259,True
6260,False
6261,False
6262,False
6263,True
6265,True
6266,True
6268,False
6269,False
6270,False
6271,False
6272,True
6273,True
6274,True
6275,True
6276,False
6277,True
6278,True
6279,True
6280,False
6281,False
6283,True
6284,True
6285,True
6286,True
6287,True
6289,False
6290,False
6292,True
6293,False
6294,False
6295,True
6296,True
6297,False
6298,True
6299,False
6300,True
6301,True
6302,False
6303,True
6304,False
6305,True
6306,True
6307,False
6308,True
6309,True
6310,False
6311,True
6312,False
6313,False
6314,True
6316,True
6317,False
6319,False
6320,True
6321,True
6322,True
6323,True
6324,False
6326,False
6327,True
6328,True
6329,False
6330,True
6331,False
6332,False
6333,False
6334,True
6335,True
6336,True
6337,True
6338,True
6339,True
6340,False
6341,True
6342,True
6343,True
6344,True
6345,False
6346,False
6347,False
6348,False
6349,True
6350,True
6351,True
6353,True
6354,False
6355,True
6356,True
6357,True
6358,False
6359,True
6360,True
6361,False
6362,True
6363,False
6364,True
6365,False
6366,True
6367,True
6368,True
6369,True
6370,True
6371,True
6372,True
6374,True
6375,False
6376,False
6377,False
6378,False
6379,False
6380,False
6381,True
6382,True
6383,True
6384,True
6385,False
6386,False
6387,True
6388,False
6389,True
6390,False
6391,True
6392,False
6393,True
6394,False
6395,True
6396,True
6397,False
6398,False
6399,True
6400,True
6401,False
6402,False
6403,True
6404,False
6405,True
6406,True
6407,False
6409,True
6410,False
6411,True
6412,False
6413,False
6414,True
6415,False
6416,False
6417,True
6418,True
6419,True
6420,True
6421,True
6422,True
6423,False
6424,False
6425,True
6426,False
6427,True
6429,False
6430,True
6431,True
6432,True
6433,False
6434,False
6435,True
6436,True
6437,True
6438,False
6439,True
6440,True
6441,True
6442,True
6443,False
6444,False
6445,True
6446,False
6447,True
6448,True
6450,True
6451,True
6452,False
6453,True
6454,False
6456,True
6457,True
6458,False
6459,True
6460,False
6461,True
6462,False
6463,False
6464,False
6465,True
6466,True
6467,False
6468,False
6469,False
6470,True
6471,True
6473,True
6474,False
6475,False
6476,False
6477,True
6478,True
6479,True
6480,True
6481,False
6482,True
6483,True
6484,True
6485,True
6486,False
6487,True
6489,False
6490,False
6491,True
6492,False
6493,False
6494,False
6495,True
6496,True
6497,False
6498,True
6499,True
6500,True
6501,True
6502,False
6503,False
6504,True
6507,True
6508,True
6509,False
6510,False
6511,False
6512,True
6513,True
6514,True
6515,False
6516,False
6517,True
6518,False
6519,True
6520,True
6521,False
6522,False
6523,True
6525,True
6526,True
6527,True
6529,False
6530,False
6531,True
6532,True
6534,True
6536,True
6537,False
6538,True
6539,False
6540,False
6541,False
6542,True
6543,True
6544,False
6545,True
6546,True
6547,False
6548,False
6549,True
6550,False
6551,True
6552,False
6553,True
6554,False
6555,True
6556,False
6557,True
6558,True
6559,True
6560,True
6561,True
6562,False
6563,True
6564,False
6565,True
6566,False
6567,False
6568,True
6569,True
6570,True
6571,True
6572,True
6573,True
6574,True
6575,False
6576,True
6577,False
6578,True
6579,True
6580,True
6581,True
6582,False
6583,True
6584,True
6585,False
6586,True
6587,True
6588,True
6589,True
6591,False
6592,True
6593,False
6594,False
6595,False
6596,False
6597,False
6598,False
6599,False
6600,False
6602,False
6603,True
6604,True
6605,True
6606,True
6607,True
6608,False
6609,False
6610,False
6611,True
6612,True
6613,True
6614,True
6615,False
6616,True
6617,False
6618,True
6619,False
6620,True
6621,False
6622,False
6623,True
6625,True
6627,False
6628,True
6629,False
6631,True
6632,True
6633,False
6634,False
6635,False
6636,False
6637,False
6638,False
6639,False
6640,True
6641,False
6642,False
6643,True
6644,True
6645,True
6646,False
6647,False
6648,False
6649,True
6650,False
6651,True
6652,True
6653,True
6654,False
6655,True
6656,False
6657,False
6658,False
6659,True
6660,True
6661,True
6662,False
6663,True
6664,False
6666,True
6667,True
6668,True
6669,False
6670,True
6672,False
6673,True
6674,False
6675,False
6676,False
6677,True
6678,True
6679,False
6680,False
6681,False
6682,True
6683,False
6684,True
6685,True
6686,False
6689,False
6690,False
6691,True
6692,True
6693,False
6694,True
6695,False
6696,False
6697,False
6698,False
6699,True
6700,False
6701,False
6702,True
6703,True
6704,False
6705,False
6706,False
6707,False
6708,True
6709,False
6710,True
6712,False
6713,False
6714,True
6715,True
6716,False
6717,True
6718,False
6719,True
6720,False
6721,True
6722,True
6723,False
6724,True
6725,True
6726,True
6727,False
6728,True
6729,True
6730,False
6731,False
6732,False
6733,True
6734,False
6735,False
6737,True
6738,True
6739,False
6740,False
6741,False
6742,False
6743,True
6744,False
6745,False
6746,True
6747,False
6748,False
6749,False
6750,True
6751,True
6752,False
6753,False
6754,True
6755,False
6756,True
6757,False
6758,False
6759,False
6760,True
6761,False
6762,False
6763,False
6764,True
6765,False
6766,False
6767,False
6768,True
6769,True
6770,False
6771,True
6772,True
6773,False
6774,True
6775,True
6776,True
6777,True
6779,False
6780,True
6781,True
6782,False
6784,True
6785,False
6786,True
6787,True
6788,False
6789,True
6790,True
6791,False
6792,True
6793,False
6794,True
6796,True
6797,False
6798,True
6800,True
6801,True
6803,False
6804,True
6805,True
6806,False
6807,True
6808,True
6809,True
6810,False
6811,True
6812,True
6813,False
6814,False
6815,False
6816,True
6817,False
6818,True
6819,False
6820,False
6821,True
6822,True
6823,False
6824,False
6826,True
6827,True
6828,True
6829,True
6830,True
6831,False
6832,True
6834,True
6835,False
6836,False
6838,False
6839,False
6840,False
6841,False
6842,True
6843,False
6844,False
6845,False
6846,False
6848,False
6849,True
6850,True
6851,True
6852,False
6853,False
6854,False
6855,True
6856,True
6857,False
6858,True
6859,False
6860,False
6861,True
6862,False
6863,True
6864,True
6865,False
6866,True
6867,True
6868,True
6869,False
6870,True
6871,False
6872,True
6873,False
6874,False
6875,True
6876,True
6877,True
6878,False
6880,False
6881,True
6882,True
6883,True
6884,True
6885,True
6886,False
6887,False
6888,False
6889,False
6890,False
6892,True
6893,True
6894,False
6895,False
6897,True
6898,True
6899,False
6900,False
6902,False
6903,False
6905,False
6906,True
6908,False
6909,True
6910,False
6911,True
6912,False
6913,False
6914,False
6915,False
6916,False
6917,False
6918,False
6919,False
6920,False
6921,False
6922,False
6923,True
6924,True
6925,False
6926,False
6927,False
6928,False
6929,True
6930,True
6931,False
6932,True
6934,False
6935,True
6936,False
6937,True
6938,True
6940,True
6941,False
6942,False
6943,False
6944,False
6945,False
6946,True
6947,False
6948,True
6949,True
6950,False
6951,False
6952,False
6953,True
6954,True
6955,False
6956,False
6957,False
6958,False
6959,False
6960,True
6961,True
6962,False
6963,False
6964,True
6965,True
6966,True
6968,False
6971,True
6972,False
6973,True
6974,False
6975,False
6976,True
6977,False
6979,True
6980,True
6981,True
6982,False
6983,True
6984,False
6986,False
6988,False
6989,False
6990,True
6991,True
6993,True
6994,True
6995,True
6996,True
6997,False
6999,False
7000,False
7001,False
7002,False
7003,False
7004,False
7005,False
7006,True
7007,True
7008,True
7009,True
7010,True
7011,True
7012,False
7013,False
7014,False
7015,True
7016,True
7017,True
7018,True
7019,True
7020,True
7021,True
7022,False
7023,True
7024,True
7025,False
7026,True
7027,True
7029,False
7030,True
7031,False
7033,True
7034,True
7035,False
7036,False
7037,True
7038,False
7039,True
7040,True
7041,True
7042,False
7043,False
7044,True
7045,True
7046,True
7047,False
7048,False
7049,True
7050,True
7051,False
7052,False
7053,True
7054,True
7055,False
7056,False
7057,False
7060,False
7061,False
7062,True
7063,False
7064,True
7065,False
7066,False
7067,False
7068,False
7069,True
7070,True
7071,True
7072,False
7073,True
7074,True
7075,True
7076,True
7077,True
7078,True
7079,False
7080,True
7081,True
7082,False
7083,False
7084,False
7085,False
7086,False
7087,False
7088,True
7089,True
7090,True
7091,False
7092,False
7094,False
7095,True
7096,True
7097,True
7098,False
7099,True
7100,False
7101,False
7102,False
7103,False
7104,False
7105,False
7106,True
7107,True
7108,False
7109,False
7110,False
7111,True
7112,True
7113,True
7115,True
7116,False
7117,True
7119,True
7120,True
7121,True
7122,True
7123,True
7124,False
7125,True
7126,True
7127,True
7128,True
7129,True
7130,False
7131,False
7132,True
7134,False
7135,True
7136,True
7137,False
7138,True
7139,True
7140,True
7141,True
7142,False
7143,True
7144,False
7145,False
7146,True
7147,False
7148,False
7149,True
7150,True
7151,False
7152,False
7153,False
7154,False
7155,False
7156,True
7157,True
7158,True
7159,True
7160,True
7161,False
7162,True
7163,True
7164,True
7165,False
7166,True
7167,False
7168,True
7169,True
7170,False
7171,True
7172,True
7173,False
7174,True
7175,False
7176,True
7177,True
7178,True
7179,True
7180,True
7181,False
7182,True
7183,False
7184,False
7185,False
7186,False
7187,True
7188,False
7189,False
7190,False
7191,True
7192,True
7193,False
7194,False
7195,False
7197,True
7198,False
7199,True
7200,True
7201,False
7202,False
7203,False
7205,True
7206,True
7207,True
7208,False
7209,False
7210,True
7211,True
7212,False
7213,False
7214,False
7215,False
7216,False
7217,True
7219,True
7220,True
7221,False
7222,False
7223,True
7224,False
7225,True
7226,False
7227,True
7228,True
7229,False
7230,True
7231,False
7232,True
7233,True
7234,False
7235,True
7236,False
7237,False
7238,False
7239,True
7240,True
7241,False
7242,False
7243,True
7245,False
7246,False
7247,False
7248,True
7249,False
7250,True
7251,False
7252,False
7253,True
7254,True
7255,True
7256,True
7257,False
7258,True
7259,True
7261,False
7262,True
7263,True
7264,False
7265,False
7266,False
7267,True
7268,True
7269,True
7270,False
7271,False
7272,True
7273,False
7274,False
7275,True
7276,False
7277,False
7278,True
7279,True
7280,False
7281,False
7282,False
7284,False
7285,False
7286,False
7287,False
7288,True
7289,False
7290,False
7291,False
7292,True
7294,False
7295,False
7296,True
7297,False
7298,False
7299,False
7300,True
7301,True
7303,False
7304,False
7305,True
7307,False
7308,True
7309,False
7310,False
7311,False
7312,True
7313,True
7314,True
7315,False
7316,False
7317,False
7318,False
7319,False
7320,True
7321,False
7322,False
7323,True
7324,True
7325,False
7326,False
7327,False
7328,False
7329,True
7331,True
7332,False
7334,True
7335,False
7336,False
7337,True
7338,False
7339,False
7340,False
7341,True
7343,False
7344,False
7345,False
7346,True
7348,True
7349,True
7350,True
7351,True
7352,True
7353,False
7354,False
7355,True
7358,False
7359,False
7360,False
7361,True
7362,True
7363,False
7364,True
7365,True
7366,False
7367,False
7368,False
7369,False
7370,False
7371,True
7372,True
7373,False
7374,True
7375,False
7376,True
7377,True
7378,False
7379,True
7381,True
7383,True
7384,True
7385,False
7387,False
7388,False
7389,True
7390,True
7392,True
7393,False
7394,False
7395,False
7397,True
7398,False
7399,True
7401,True
7402,True
7403,False
7404,True
7405,False
7406,False
7407,True
7408,False
7409,True
7410,False
7411,True
7412,False
7413,False
7414,False
7415,False
7417,True
7418,False
7419,False
7420,True
7421,False
7422,True
7423,False
7424,False
7425,False
7426,True
7427,True
7428,False
7429,True
7430,True
7431,True
7432,False
7434,False
7435,True
7436,True
7437,True
7438,False
7439,False
7440,False
7441,False
7442,True
7443,True
7444,False
7445,False
7446,False
7447,True
7448,True
7449,True
7450,False
7451,True
7452,False
7453,False
7454,True
7455,False
7456,False
7457,False
7458,True
7460,True
7461,True
7462,True
7463,True
7465,False
7466,False
7467,True
7468,False
7469,True
7470,True
7471,True
7472,False
7474,False
7475,True
7476,True
7477,True
7478,True
7479,True
7480,False
7481,True
7482,False
7483,False
7484,False
7485,True
7486,True
7487,True
7488,False
7489,True
7490,True
7492,False
7493,True
7494,False
7495,False
7496,True
7497,False
7498,False
7499,True
7500,True
7501,False
7502,True
7503,True
7504,False
7505,False
7506,False
7507,False
7508,True
7509,True
7510,True
7511,False
7512,False
7513,True
7514,False
7515,False
7516,False
7517,True
7518,True
7519,False
7520,True
7522,True
7523,True
7524,True
7525,False
7526,False
7528,True
7529,False
7530,False
7531,False
7532,False
7533,False
7534,False
7535,True
7536,True
7537,True
7538,False
7539,False
7540,False
7541,True
7542,False
7544,True
7545,False
7546,True
7547,False
7548,False
7549,True
7550,True
7551,True
7552,False
7553,False
7554,False
7555,False
7556,False
7557,False
7558,True
7559,True
7560,False
7561,True
7562,False
7563,False
7564,False
7565,True
7566,True
7567,False
7568,False
7569,True
7570,False
7571,True
7572,True
7573,False
7574,True
7575,True
7576,False
7577,True
7578,True
7579,True
7580,False
7581,False
7582,False
7583,True
7584,False
7585,False
7586,False
7587,True
7588,True
7589,False
7590,True
7591,False
7593,False
7594,False
7597,True
7598,True
7599,False
7600,True
7601,False
7602,False
7603,False
7604,True
7606,True
7607,False
7608,False
7609,False
7610,False
7611,False
7612,False
7613,True
7614,False
7615,True
7616,True
7617,False
7618,False
7619,False
7620,True
7621,True
7622,True
7623,True
7624,True
7625,False
7626,True
7627,True
7628,False
7630,False
7631,True
7632,False
7633,False
7634,True
7635,True
7636,False
7637,False
7638,False
7639,False
7640,True
7641,False
7642,False
7643,True
7644,True
7645,True
7646,False
7647,False
7648,False
7649,False
7650,False
7651,False
7652,True
7653,False
7654,False
7655,False
7656,False
7657,False
7658,True
7659,True
7660,True
7661,False
7662,True
7663,True
7664,False
7665,False
7666,True
7667,False
7668,True
7669,True
7670,False
7671,False
7672,False
7673,True
7674,False
7675,False
7676,True
7677,False
7678,False
7679,True
7680,True
7681,True
7682,True
7683,True
7684,False
7685,True
7686,False
7687,True
7688,False
7689,False
7691,True
7692,True
7693,True
7694,False
7695,True
7696,False
7697,False
7698,True
7699,True
7700,False
7701,True
7703,True
7704,True
7705,False
7706,True
7707,False
7709,True
7710,True
7711,True
7712,True
7713,True
7714,True
7715,False
7716,False
7717,False
7718,False
7719,False
7720,False
7721,False
7722,False
7723,False
7724,True
7725,False
7726,False
7727,True
7728,False
7729,False
7730,True
7731,False
7733,False
7734,True
7735,False
7736,False
7737,False
7739,True
7740,True
7741,False
7742,True
7743,False
7744,True
7745,False
7746,True
7747,True
7748,False
7749,True
7750,True
7751,True
7752,True
7753,True
7754,False
7755,True
7757,True
7758,True
7759,True
7760,True
7761,False
7762,False
7763,False
7764,False
7765,False
7766,False
7767,True
7768,True
7769,True
7770,False
7771,False
7772,True
7773,True
7774,False
7775,True
7776,False
7777,False
7778,True
7779,True
7780,False
7781,True
7782,True
7783,True
7784,False
7785,False
7786,True
7787,False
7788,False
7789,False
7790,True
7791,False
7792,False
7793,True
7794,False
7795,True
7796,False
7798,True
7799,True
7800,False
7801,False
7802,False
7803,False
7804,False
7805,True
7806,False
7807,True
7808,False
7809,True
7810,True
7811,False
7812,True
7813,False
7815,False
7816,True
7817,True
7818,False
7819,False
7820,True
7821,True
7822,True
7823,False
7824,False
7825,True
7826,True
7827,True
7828,False
7829,True
7830,True
7831,True
7832,False
7833,False
7834,True
7835,False
7837,True
7838,False
7840,True
7841,True
7842,True
7843,True
7844,True
7845,False
7848,True
7849,False
7850,False
7851,False
7852,True
7853,False
7854,False
7855,False
7856,False
7857,True
7858,True
7860,True
7861,False
7862,False
7863,False
7864,True
7865,True
7866,False
7867,False
7868,False
7869,False
7870,True
7871,True
7872,True
7873,True
7874,True
7875,True
7876,True
7877,True
7878,False
7879,False
7880,False
7881,False
7882,True
7883,False
7884,True
7885,True
7886,False
7887,True
7888,True
7889,False
7890,True
7891,False
7892,False
7893,True
7894,False
7895,True
7897,False
7898,True
7900,False
7901,True
7902,False
7903,False
7904,False
7905,True
7906,False
7907,True
7908,False
7909,True
7910,False
7911,True
7912,True
7913,True
7914,False
7915,True
7916,False
7917,False
7918,True
7919,True
7920,True
7921,True
7922,True
7923,False
7924,False
7925,True
7926,False
7927,False
7928,True
7929,False
7930,True
7931,False
7932,True
7934,False
7935,False
7937,False
7938,False
7939,True
7940,False
7942,False
7943,False
7944,True
7945,False
7946,True
7947,True
7949,True
7950,True
7951,True
7952,False
7953,True
7954,True
7955,True
7956,False
7957,False
7958,False
7959,True
7960,True
7961,True
7962,False
7963,True
7964,True
7965,True
7966,False
7967,False
7968,True
7970,True
7971,False
7972,True
7973,False
7974,True
7975,False
7976,False
7977,False
7978,False
7979,True
7980,False
7982,False
7983,False
7984,False
7985,True
7986,False
7987,False
7988,False
7989,False
7990,True
7991,False
7992,False
7993,False
7994,True
7995,False
7996,True
7997,True
7998,True
7999,False
8000,True
8001,True
8002,True
8003,False
8004,False
8005,True
8006,False
8007,False
8008,False
8010,True
8011,True
8013,True
8014,False
8016,True
8017,False
8018,True
8019,True
8020,False
8021,False
8022,False
8023,False
8024,True
8025,False
8026,False
8027,False
8028,True
8029,True
8030,True
8031,True
8033,True
8035,False
8036,False
8040,False
8041,True
8042,False
8045,False
8046,True
8047,False
8048,False
8049,False
8050,True
8051,False
8052,True
8053,False
8054,False
8055,True
8056,True
8057,True
8058,True
8059,False
8060,True
8061,True
8062,False
8063,True
8064,False
8065,False
8067,False
8069,False
8070,False
8071,True
8072,False
8073,False
8074,False
8075,False
8076,True
8077,True
8078,True
8080,False
8081,True
8082,True
8083,False
8084,False
8085,False
8086,True
8087,False
8088,True
8089,False
8090,False
8091,False
8092,False
8093,True
8094,True
8095,False
8096,True
8097,False
8098,True
8099,True
8100,False
8101,False
8102,False
8103,True
8104,True
8105,True
8106,False
8107,True
8108,False
8109,True
8111,False
8112,False
8113,True
8114,False
8115,False
8116,False
8117,False
8118,False
8119,True
8120,True
8121,False
8122,True
8123,False
8125,False
8126,False
8127,True
8128,True
8129,False
8130,False
8131,True
8132,True
8133,False
8134,False
8135,True
8136,True
8137,False
8138,False
8139,True
8140,True
8141,False
8142,False
8143,False
8145,False
8146,False
8147,False
8150,True
8151,False
8152,False
8153,False
8154,False
8156,True
8157,True
8158,False
8159,False
8160,False
8161,False
8163,False
8164,False
8165,False
8166,True
8167,False
8169,True
8170,False
8171,False
8172,False
8173,False
8174,True
8175,False
8176,True
8177,True
8178,True
8179,True
8180,False
8182,False
8183,False
8184,False
8185,False
8186,False
8187,False
8188,False
8189,False
8190,False
8191,True
8192,True
8193,False
8194,False
8195,False
8196,True
8197,True
8198,True
8199,True
8200,False
8201,True
8203,False
8204,False
8205,True
8206,True
8207,False
8208,True
8210,False
8211,True
8212,True
8213,False
8214,False
8215,False
8216,True
8217,False
8218,True
8219,False
8220,True
8221,True
8222,False
8223,False
8224,True
8225,True
8226,False
8227,True
8228,True
8229,False
8230,False
8231,False
8232,False
8233,True
8234,True
8235,True
8236,False
8237,False
8238,True
8239,False
8240,True
8241,False
8242,True
8243,False
8244,True
8245,False
8246,False
8247,False
8248,False
8249,False
8250,True
8251,True
8252,True
8253,True
8255,False
8256,True
8257,False
8258,True
8259,True
8260,False
8261,True
8262,False
8263,True
8264,False
8265,False
8266,False
8267,True
8269,False
8270,True
8271,True
8272,True
8273,False
8274,False
8275,False
8276,False
8278,False
8279,True
8280,True
8281,False
8282,True
8283,False
8284,False
8285,True
8286,True
8287,False
8288,True
8289,False
8290,False
8291,False
8292,True
8293,False
8294,True
8295,True
8296,True
8298,True
8299,True
8300,False
8301,True
8302,True
8303,True
8304,True
8305,True
8306,False
8307,True
8308,True
8309,True
8310,True
8311,True
8312,True
8313,True
8315,True
8316,False
8317,True
8318,True
8319,False
8320,True
8321,False
8322,False
8323,False
8324,True
8325,False
8326,False
8327,True
8328,True
8329,False
8330,True
8331,True
8332,True
8333,True
8334,False
8335,True
8336,True
8337,False
8338,False
8339,True
8340,False
8341,True
8342,False
8343,False
8344,False
8345,False
8346,True
8347,True
8348,True
8349,True
8350,True
8351,False
8352,True
8353,True
8354,True
8355,True
8356,False
8357,False
8358,True
8359,False
8360,True
8361,True
8363,False
8364,False
8366,True
8368,True
8369,False
8370,False
8371,False
8372,True
8373,False
8374,False
8375,False
8376,False
8377,False
8378,False
8379,True
8380,True
8381,False
8382,False
8383,False
8384,False
8385,False
8386,True
8387,True
8388,False
8389,False
8390,True
8391,True
8392,False
8393,True
8394,True
8395,False
8396,False
8397,False
8398,False
8399,False
8400,False
8401,False
8402,False
8403,False
8404,False
8405,False
8406,True
8407,True
8408,True
8409,True
8410,False
8411,False
8412,True
8413,False
8414,False
8415,True
8416,True
8417,True
8418,False
8419,False
8421,False
8422,True
8423,False
8424,False
8425,False
8426,False
8427,False
8429,True
8431,False
8432,False
8433,False
8434,True
8435,True
8436,False
8437,False
8438,False
8439,False
8440,True
8441,True
8442,False
8443,False
8444,False
8445,True
8446,True
8447,False
8448,True
8449,True
8450,True
8451,False
8452,False
8453,False
8454,False
8456,False
8457,True
8458,True
8459,False
8460,True
8461,False
8462,False
8463,True
8464,False
8465,True
8466,True
8467,True
8468,True
8469,True
8470,False
8471,False
8472,True
8473,False
8474,False
8476,True
8477,False
8478,False
8479,False
8480,False
8481,False
8482,False
8483,True
8484,True
8486,True
8487,False
8488,False
8489,True
8490,False
8491,False
8492,False
8493,True
8495,False
8496,False
8497,True
8498,True
8499,True
8500,False
8502,True
8503,False
8504,False
8505,True
8506,False
8507,False
8508,False
8510,True
8511,True
8513,True
8514,True
8515,False
8516,False
8517,False
8518,True
8519,False
8520,False
8521,True
8522,True
8523,True
8524,False
8525,False
8526,False
8527,True
8528,False
8529,False
8530,True
8531,False
8532,False
8533,False
8534,False
8535,True
8536,False
8537,True
8538,True
8539,True
8540,False
8541,False
8543,False
8544,True
8545,True
8546,True
8547,False
8548,False
8549,False
8550,False
8551,True
8552,False
8553,True
8554,False
8555,False
8556,False
8557,False
8558,False
8559,False
8560,True
8561,True
8562,False
8563,False
8564,False
8565,False
8566,True
8567,False
8568,False
8569,True
8570,True
8571,True
8572,False
8573,True
8574,True
8575,True
8576,False
8577,False
8578,True
8579,True
8580,True
8581,False
8582,False
8583,True
8584,True
8585,False
8586,False
8587,False
8588,False
8589,True
8590,True
8592,False
8593,False
8594,True
8595,True
8596,True
8597,False
8598,True
8599,False
8600,False
8601,True
8602,False
8603,True
8604,False
8605,False
8606,True
8607,True
8608,False
8609,False
8610,True
8611,True
8613,False
8614,False
8615,True
8616,True
8617,True
8618,True
8619,False
8621,False
8622,True
8623,False
8624,True
8625,True
8626,False
8627,True
8628,True
8629,True
8631,True
8632,False
8633,False
8634,True
8635,True
8636,True
8637,False
8638,True
8639,False
8640,True
8641,True
8642,False
8643,True
8644,False
8645,False
8646,False
8647,False
8648,True
8649,True
8650,True
8652,True
8653,True
8654,True
8655,False
8657,False
8658,True
8659,False
8660,False
8661,False
8662,True
8663,True
8665,False
8667,True
8668,True
8669,True
8670,True
8671,True
8672,False
8673,True
8674,False
8676,False
8677,True
8678,True
8679,True
8680,True
8681,True
8682,True
8683,False
8684,True
8685,True
8686,False
8688,False
8689,False
8690,True
8691,False
8692,True
